{
  "version": 1,
  "author": "Anonymous maker",
  "editor": "wokwi",
  "parts": [
    {
      "type": "board-esp32-devkit-c-v4",
      "id": "esp",
      "top": -30.46,
      "left": -149.9,
      "rotate": 90,
      "attrs": {}
    },
    { "type": "wokwi-dht22", "id": "dht1", "top": -105.3, "left": 148.2, "attrs": {} },
    {
      "type": "wokwi-photoresistor-sensor",
      "id": "ldr1",
      "top": -121.6,
      "left": -76,
      "attrs": {}
    },
    {
      "type": "wokwi-lcd1602",
      "id": "lcd1",
      "top": -272,
      "left": -205.6,
      "attrs": { "pins": "i2c" }
    }
  ],
  "connections": [
    [ "esp:TX", "$serialMonitor:RX", "", [] ],
    [ "esp:RX", "$serialMonitor:TX", "", [] ],
    [ "dht1:VCC", "esp:3V3", "red", [ "v9.6", "h-230.4" ] ],
    [ "dht1:GND", "esp:GND.2", "black", [ "v0" ] ],
    [ "dht1:DATA", "esp:19", "green", [ "v0" ] ],
    [ "ldr1:VCC", "esp:3V3", "red", [ "h19.2", "v115.2", "h-134.4" ] ],
    [ "ldr1:GND", "esp:GND.2", "black", [ "h19.2", "v220.4" ] ],
    [ "ldr1:AO", "esp:34", "gold", [ "h9.6", "v66.5", "h-163.2" ] ],
    [ "dht1:SDA", "esp:19", "green", [ "v124.8", "h-259.1" ] ],
    [ "lcd1:VCC", "esp:3V3", "red", [ "h-9.6", "v249.7", "h192" ] ],
    [ "lcd1:GND", "esp:GND.2", "black", [ "h-57.6", "v374.4", "h240" ] ],
    [ "lcd1:SCL", "esp:22", "purple", [ "h-76.8", "v365.1", "h240" ] ],
    [ "lcd1:SDA", "esp:21", "green", [ "h-38.4", "v365", "h172.8" ] ]
  ],
  "dependencies": {}
}